{
    "display": {
        "icon": {
            "id": "minecraft:clock"
        },
        "title": {
            "translate": "advancements.pause_server_when_empty.root.title",
            "fallback": "Pause Server When Empty"
        },
        "frame": "goal",
        "description": [
            {
                "text": "Version",
                "extra": [
                    " ",
                    {
                        "text": "1.2.0",
                        "color": "red"
                    }
                ],
                "color": "dark_gray"
            },
            "\n\n",
            {
                "translate": "advancements.pause_server_when_empty.root.description",
                "fallback": "Small Datapack created to pause the daylight cycle of a server when no players are online",
                "color": "gray"
            },
            "\n\n",
            {
                "text": "By",
                "extra": [
                    " ",
                    {
                        "text": "Bodebojo",
                        "color": "red"
                    }
                ],
                "color": "dark_gray"
            }
        ],
        "show_toast": false,
        "announce_to_chat": false
    },
    "criteria": {
        "install the pause_server_when_empty datapack": {
            "trigger": "minecraft:tick"
        }
    },
    "parent": "bojos_api:root",
    "requirements": [
        [
            "install the pause_server_when_empty datapack"
        ]
    ]
}